{
  "costume_sensitivity": {
    "IIT": {
      "mean": 84.0,
      "std": 16.519348924485158,
      "values": [
        96.66666666666667,
        46.666666666666664,
        96.66666666666667,
        56.666666666666664,
        90.0,
        90.0,
        90.0,
        93.33333333333333,
        90.0,
        90.0
      ]
    },
    "GNW": {
      "mean": 45.33333333333333,
      "std": 18.28478420253664,
      "values": [
        80.0,
        26.666666666666664,
        50.0,
        11.666666666666671,
        48.33333333333333,
        30.0,
        60.0,
        56.666666666666664,
        40.0,
        50.0
      ]
    },
    "HOT": {
      "mean": 51.5,
      "std": 22.625575499126352,
      "values": [
        80.0,
        26.66666666666667,
        60.0,
        15.0,
        46.66666666666667,
        18.33333333333333,
        78.33333333333333,
        60.0,
        66.66666666666666,
        63.333333333333336
      ]
    },
    "RPT": {
      "mean": 60.833333333333336,
      "std": 24.667229723303393,
      "values": [
        93.33333333333333,
        26.666666666666664,
        66.66666666666666,
        23.33333333333333,
        48.33333333333333,
        33.33333333333333,
        90.0,
        76.66666666666667,
        76.66666666666667,
        73.33333333333333
      ]
    },
    "AST": {
      "mean": 62.333333333333336,
      "std": 26.793448618811446,
      "values": [
        81.66666666666667,
        36.666666666666664,
        80.0,
        21.66666666666667,
        60.00000000000001,
        13.333333333333329,
        90.0,
        81.66666666666667,
        85.0,
        73.33333333333333
      ]
    }
  },
  "condition_means": {
    "human": {
      "IIT": {
        "mean": 94.0,
        "std": 15.18771433319269,
        "n": 30
      },
      "GNW": {
        "mean": 97.83333333333333,
        "std": 6.011562932290477,
        "n": 30
      },
      "HOT": {
        "mean": 96.83333333333333,
        "std": 7.7977917101930565,
        "n": 30
      },
      "RPT": {
        "mean": 97.16666666666667,
        "std": 8.532617157446804,
        "n": 30
      },
      "AST": {
        "mean": 98.16666666666667,
        "std": 3.9756201472921875,
        "n": 30
      }
    },
    "robot": {
      "IIT": {
        "mean": 10.0,
        "std": 12.382783747337808,
        "n": 30
      },
      "GNW": {
        "mean": 52.5,
        "std": 18.108469473333926,
        "n": 30
      },
      "HOT": {
        "mean": 45.333333333333336,
        "std": 22.58071940591993,
        "n": 30
      },
      "RPT": {
        "mean": 36.333333333333336,
        "std": 23.019315560826062,
        "n": 30
      },
      "AST": {
        "mean": 35.833333333333336,
        "std": 27.47979055394871,
        "n": 30
      }
    },
    "neutral": {
      "IIT": {
        "mean": 29.666666666666668,
        "std": 29.038288899696248,
        "n": 30
      },
      "GNW": {
        "mean": 62.666666666666664,
        "std": 13.64632632697248,
        "n": 30
      },
      "HOT": {
        "mean": 62.666666666666664,
        "std": 16.967288790165885,
        "n": 30
      },
      "RPT": {
        "mean": 58.666666666666664,
        "std": 13.097921802925667,
        "n": 30
      },
      "AST": {
        "mean": 63.166666666666664,
        "std": 17.534885862822783,
        "n": 30
      }
    }
  },
  "n_vignettes": 10,
  "n_runs": 3,
  "model": "gpt-4.1"
}